[
  {
    "title": "Information Innovation Office (I2O) Office-Wide",
    "description": "This Broad Agency Announcement (BAA) from DARPA\u0019s Information Innovation Office (I2O) seeks revolutionary research ideas in information science and technology that are not already addressed by existing I2O programs or other published solicitations. Potential proposers are encouraged to submit innovative concepts in areas such as cyber operations, artificial intelligence, data analytics, software and systems, and secure information sharing. The BAA provides a flexible mechanism for proposing high-risk, high-payoff research that can lead to new I2O programs or stand-alone efforts supporting national security objectives.",
    "source": "Grants.gov",
    "agency": "DARPA - Information Innovation Office",
    "sector": "Artificial Intelligence & Machine Learning",
    "published_date": "2025-11-28",
    "openDate": "11/28/2025",
    "closeDate": "11/30/2026",
    "url": "https://www.grants.gov/search-results-detail/360922",
    "feasibility_score": 9.1,
    "impact_score": 9.4,
    "alignment_score": 9.6,
    "total_score": 9.4,
    "justification": "Rank: 1 (HIGH priority). Feasibility: 9.1 \u2013 Work is pure federal R&D in AI/ML, cyber, data analytics, and software systems, which directly matches internal strengths in AI/ML and federal research; minimal need for heavy hardware or construction and long open period supports planning. Impact: 9.4 \u2013 Direct hit on a core focus area (AI/ML) with DARPA-level visibility and potential to seed multiple high-impact programs and long-term capability development. Alignment: 9.6 \u2013 Sector is explicitly Artificial Intelligence & Machine Learning, perfectly matching stated strategic focus and federal R&D experience."
  },
  {
    "title": "High-efficiency Nitrogen Oxidation (HNO3)",
    "description": "The Defense Advanced Research Projects Agency (DARPA) High-efficiency Nitrogen Oxidation (HNO3) program seeks innovative foundational technologies to enable high-rate, energy-efficient, and decentralized nitric acid manufacturing. Proposed research should explore novel chemistries, catalysts, process intensification, or system architectures that significantly reduce energy consumption and greenhouse gas emissions compared to conventional large-scale Haber-Bosch and Ostwald processes. Solutions should be scalable, safe, and suitable for distributed production to support defense and industrial applications.",
    "source": "Grants.gov",
    "agency": "DARPA - Defense Sciences Office",
    "sector": "Energy & Clean Technology",
    "published_date": "2025-12-01",
    "openDate": "12/01/2025",
    "closeDate": "02/05/2026",
    "url": "https://www.grants.gov/search-results-detail/360924",
    "feasibility_score": 8.1,
    "impact_score": 8.3,
    "alignment_score": 7.8,
    "total_score": 8.1,
    "justification": "Rank: 2 (HIGH priority). Feasibility: 8.1 \u2013 R&D-focused DARPA program in energy/chemical processing; we can realistically execute via internal federal R&D and energy expertise plus external SMEs in catalysis and process engineering, with no requirement to build full-scale plants. Impact: 8.3 \u2013 High-value DARPA effort in Energy & Clean Technology, adjacent to our energy and federal R&D strengths, with strong innovation and capability-building potential in advanced process technologies. Alignment: 7.8 \u2013 Strong adjacency to our focus (energy, federal R&D) and good opportunity to apply AI/ML for process optimization, though not as directly core as AI/ML or critical minerals."
  },
  {
    "title": "Rare Earth Elements Demonstration Facility",
    "description": "The Office of Manufacturing and Energy Supply Chains (MESC) is soliciting applications to design, construct, commission, and operate a Rare Earth Elements (REE) Demonstration Facility. The facility will showcase advanced technologies for the extraction, separation, processing, and refining of rare earth elements to support secure, resilient, and sustainable domestic supply chains. Projects are expected to demonstrate commercial-scale or near-commercial-scale operations, address environmental and community impacts, and provide data and operational experience that can be replicated or scaled across the U.S. industrial base.",
    "source": "Grants.gov",
    "agency": "National Energy Technology Laboratory",
    "sector": "Critical Minerals & Battery Materials",
    "published_date": "2025-12-01",
    "openDate": "12/01/2025",
    "closeDate": "01/05/2026",
    "url": "https://www.grants.gov/search-results-detail/360923",
    "feasibility_score": 6.3,
    "impact_score": 8.4,
    "alignment_score": 8.2,
    "total_score": 7.6,
    "justification": "Rank: 3 (MEDIUM priority). Feasibility: 6.3 \u2013 While the topic (REE) fits our critical minerals interest, the requirement to design, construct, commission, and operate a commercial- or near-commercial-scale facility is heavily industrial and operations-focused; we would need major EPC/industrial partners and likely play a niche R&D/analytics role, increasing execution risk. Impact: 8.4 \u2013 Very high strategic value in Critical Minerals & Battery Materials, a named focus area, and strong potential for long-term positioning in domestic supply chains. Alignment: 8.2 \u2013 Strong topical alignment with critical minerals, but somewhat less aligned with our preferred R&D/software-centric execution model due to the heavy construction and operations emphasis."
  },
  {
    "title": "ADVANCED TECHNOLOGIES FOR COMBAT CASUALTY CARE (CCC) RFI",
    "description": "This SAM.gov Request for Information (RFI) seeks input on advanced technologies for combat casualty care (CCC). The government is gathering information on emerging medical devices, diagnostics, therapeutics, and systems that can improve survival, stabilization, and evacuation of injured warfighters in austere or contested environments. Respondents are invited to describe capabilities, technology maturity, potential operational concepts, and barriers to deployment; responses may inform future research, development, or acquisition efforts but will not result in immediate contract awards.",
    "source": "SAM.gov",
    "agency": null,
    "sector": "Defense, National Security, and Military",
    "published_date": "2025-12-02",
    "openDate": null,
    "closeDate": "2025-12-17T16:00:00",
    "url": "https://sam.gov/workspace/contract/opp/faacd86edb594b09b00e3ae74fd8fd18/view",
    "feasibility_score": 7.7,
    "impact_score": 6.5,
    "alignment_score": 6.8,
    "total_score": 7.0,
    "justification": "Rank: 4 (MEDIUM priority). Feasibility: 7.7 \u2013 As an RFI, the requirement is to submit conceptual input, not execute a full program; we can feasibly respond with concepts leveraging AI/ML (e.g., triage decision support, predictive monitoring) and AR/VR (e.g., training, simulation) without needing medical device manufacturing capabilities. Impact: 6.5 \u2013 No immediate funding; impact is mainly in shaping future combat casualty care solicitations and positioning in defense medical R&D, which is useful but not central to our core focus unless followed by later opportunities. Alignment: 6.8 \u2013 Sector is defense/national security, matching our federal/defense experience, but the primary domain is medical devices and therapeutics; alignment improves if we frame our response around AI/ML and AR/VR solutions for CCC, yet remains only moderately strong overall."
  },
  {
    "title": "Recur LINK-16 BOSS SW Support Platinum",
    "description": "This SAM.gov opportunity seeks recurring platinum-level software support for LINK-16 BOSS (Battlefield Operations Support System) or similar software. The contractor will provide maintenance, updates, technical support, and possibly training to sustain mission-critical communications or situational awareness capabilities. The notice details license quantities, support levels, period of performance, and contractual terms for qualified vendors.",
    "source": "SAM.gov",
    "agency": null,
    "sector": "Defense, National Security, and Military",
    "published_date": "2025-12-02",
    "openDate": null,
    "closeDate": "2025-12-08T09:00:00-08:00",
    "url": "https://sam.gov/workspace/contract/opp/f45cec29d13941e7976fbf2095a9d87b/view",
    "feasibility_score": 3.4,
    "impact_score": 4.1,
    "alignment_score": 4.4,
    "total_score": 3.9,
    "justification": "Rank: 5 (LOW priority). Feasibility: 3.4 \u2013 This appears to be OEM-specific or incumbent-focused software sustainment (LINK-16 BOSS), requiring existing product knowledge, licenses, and likely OEM authorization; unless we are already the developer or an authorized support provider, execution would be difficult. Impact: 4.1 \u2013 While supporting mission-critical defense communications is important, the work is sustainment/maintenance rather than R&D, offering limited opportunity to build core AI/ML or AR/VR capabilities. Alignment: 4.4 \u2013 Sector is defense, which matches our federal experience, but the work is operational support rather than research in our focus areas, giving only moderate and mostly tangential alignment."
  },
  {
    "title": "59--SEMICONDUCTOR DEVIC",
    "description": "This SAM.gov solicitation requests offers for semiconductor devices under Federal Supply Class (FSC) 59 (Electrical and Electronic Equipment Components). The requirement may include diodes, transistors, integrated circuits, or similar components meeting specified electrical and environmental characteristics. Interested vendors should consult the full notice for NSNs or part numbers, quantities, quality and testing requirements, and submission instructions.",
    "source": "SAM.gov",
    "agency": null,
    "sector": "Manufacturing",
    "published_date": "2025-12-02",
    "openDate": null,
    "closeDate": null,
    "url": "https://sam.gov/workspace/contract/opp/f5ae150f33f74bad9866764e3700a4ae/view",
    "feasibility_score": 2.8,
    "impact_score": 2.5,
    "alignment_score": 2.7,
    "total_score": 2.7,
    "justification": "Rank: 6 (LOW priority). Feasibility: 2.8 \u2013 This is a commodity semiconductor device supply contract (diodes, transistors, ICs) requiring inventory, logistics, and supply-chain operations; we are not positioned as a hardware distributor or commodity supplier, and there is no clear R&D or analytics role. Impact: 2.5 \u2013 Transactional manufacturing/supply with minimal relevance to AI/ML, AR/VR, or critical minerals; limited strategic value beyond small revenue. Alignment: 2.7 \u2013 Sector is generic Manufacturing and the work is component supply, not federal R&D or advanced technology development, making it poorly aligned with our stated focus areas and capabilities."
  }
]