[
  {
    "title": "Rare Earth Elements Demonstration Facility",
    "description": "The Office of Manufacturing and Energy Supply Chains (MESC) is soliciting applications to design, construct, commission, and operate a Rare Earth Elements (REE) demonstration facility. The facility will showcase advanced technologies for the extraction, separation, processing, and production of rare earth elements to strengthen domestic supply chains critical to clean energy, defense, and high-tech manufacturing. Projects should demonstrate technical feasibility at scale, address environmental and community impacts, and support the development of a resilient, secure U.S. REE value chain.",
    "source": "Grants.gov",
    "agency": "National Energy Technology Laboratory",
    "sector": "Critical Minerals & Battery Materials",
    "published_date": "2025-12-01",
    "openDate": "12/01/2025",
    "closeDate": "01/05/2026",
    "url": "https://www.grants.gov/search-results-detail/360923",
    "feasibility_score": 6.8,
    "impact_score": 9.0,
    "alignment_score": 8.5,
    "total_score": 8.08,
    "justification": "Feasibility (6.8): Designing/constructing/operating a full REE demonstration facility is heavy industrial work; we can contribute on process R&D, modeling, and supply-chain/energy aspects with SMEs, but plant design/operations are not core strengths, increasing execution risk. Impact (9.0): Directly targets rare earth extraction, separation, and processing to strengthen domestic critical-mineral supply chains\u2014this is a central strategic area for us. Alignment (8.5): Strong match to our critical minerals focus and federal R&D experience, though the emphasis on facility operations makes it slightly less aligned than a pure R&D program."
  },
  {
    "title": "High-efficiency Nitrogen Oxidation (HNO3)",
    "description": "The Defense Advanced Research Projects Agency (DARPA) Defense Sciences Office is soliciting innovative research proposals under the High-efficiency Nitrogen Oxidation (HNO3) program. The effort seeks foundational technologies to enable high-rate, energy\u0011efficient, decentralized nitric acid manufacturing, moving beyond traditional large-scale, capital\u0011intensive plants. Proposed approaches should significantly improve process efficiency, reduce greenhouse gas emissions, and support distributed production concepts relevant to defense and industrial applications.",
    "source": "Grants.gov",
    "agency": "DARPA - Defense Sciences Office",
    "sector": "Energy & Clean Technology",
    "published_date": "2025-12-01",
    "openDate": "12/01/2025",
    "closeDate": "02/05/2026",
    "url": "https://www.grants.gov/search-results-detail/360924",
    "feasibility_score": 7.2,
    "impact_score": 7.8,
    "alignment_score": 7.2,
    "total_score": 7.41,
    "justification": "Feasibility (7.2): Advanced energy/chemical-process R&D for decentralized nitric acid manufacturing fits our federal energy R&D strengths, but deep electrochem/chem-eng capability would likely require external SMEs. Impact (7.8): High-value DARPA energy/clean-tech program with strong innovation potential, though not in our three named core focus areas. Alignment (7.2): Good alignment via energy R&D and federal R&D experience, but only adjacent to our AI/AR/VR/critical-minerals focus."
  },
  {
    "title": "Information Innovation Office (I2O) Office-Wide",
    "description": "DARPA\u0019s Information Innovation Office (I2O) Office\u0011Wide Broad Agency Announcement (BAA) seeks revolutionary research ideas in information and computer science that are not already addressed by existing I2O programs or other published solicitations. The BAA invites proposals spanning areas such as cybersecurity, artificial intelligence, data analytics, software and systems, and human\u0011machine teaming, with an emphasis on high\u0011risk, high\u0011reward concepts that could fundamentally change how information is generated, secured, and used for national security. Potential proposers are encouraged to discuss concepts with DARPA program managers prior to submitting full proposals.",
    "source": "Grants.gov",
    "agency": "DARPA - Information Innovation Office",
    "sector": "Artificial Intelligence & Machine Learning",
    "published_date": "2025-11-28",
    "openDate": "11/28/2025",
    "closeDate": "11/30/2026",
    "url": "https://www.grants.gov/search-results-detail/360922",
    "feasibility_score": 8.8,
    "impact_score": 9.5,
    "alignment_score": 9.5,
    "total_score": 9.26,
    "justification": "Feasibility (8.8): Direct fit with our strengths in AI/ML, data analytics, cybersecurity, and federal R&D/proposal development; we can shape concepts with DARPA PMs and execute as prime or with SMEs. Impact (9.5): High-risk/high-reward DARPA BAA in AI, cyber, and human\u2013machine teaming is potentially transformative and can define major capability lines for us. Alignment (9.5): Near-perfect alignment with our AI/ML focus and federal R&D mission, across multiple relevant technical areas."
  },
  {
    "title": "58--VIEWER,NIGHT VISION",
    "description": "This SAM.gov procurement seeks a VIEWER, NIGHT VISION under Federal Supply Class 58 (Communication, Detection, and Coherent Radiation Equipment). The requirement likely covers military\u0011grade night vision viewers with specified performance characteristics such as resolution, field of view, and environmental ruggedness. Interested manufacturers and distributors should consult the full notice for technical specifications, testing requirements, and delivery terms.",
    "source": "SAM.gov",
    "agency": null,
    "sector": "Defense, National Security, and Military",
    "published_date": "2025-12-02",
    "openDate": null,
    "closeDate": null,
    "url": "https://sam.gov/workspace/contract/opp/fbea2d5b3d0d4002b327e8927de0fa92/view",
    "feasibility_score": 3.5,
    "impact_score": 3.5,
    "alignment_score": 3.0,
    "total_score": 3.36,
    "justification": "Feasibility (3.5): Supplying military-grade night vision viewers requires manufacturing/supply-chain capabilities and product certifications we do not have. Impact (3.5): Commodity hardware buy with limited innovation or strategic learning. Alignment (3.0): Defense-related but not AI/AR/VR software, critical minerals R&D, or federal R&D; tangential at best."
  },
  {
    "title": "ADVANCED TECHNOLOGIES FOR COMBAT CASUALTY CARE (CCC) RFI",
    "description": "This Request for Information (RFI) seeks industry input on advanced technologies for Combat Casualty Care (CCC). The government is gathering information on emerging medical devices, diagnostics, therapeutics, and systems that could improve survival and outcomes for wounded warfighters in austere and battlefield environments. Respondents are invited to describe capabilities, technology maturity, potential operational concepts, and barriers to deployment; no contract will be awarded directly from this RFI.",
    "source": "SAM.gov",
    "agency": null,
    "sector": "Defense, National Security, and Military",
    "published_date": "2025-12-02",
    "openDate": null,
    "closeDate": "2025-12-17T16:00:00",
    "url": "https://sam.gov/workspace/contract/opp/faacd86edb594b09b00e3ae74fd8fd18/view",
    "feasibility_score": 5.5,
    "impact_score": 5.5,
    "alignment_score": 4.8,
    "total_score": 5.3,
    "justification": "Feasibility (5.5): As an RFI, we could respond conceptually, but advanced combat casualty care involves medical devices/therapeutics outside our core; we\u2019d rely heavily on medical SMEs. Impact (5.5): Some value in shaping future requirements and relationships, but no direct funding and not in our main tech lanes. Alignment (4.8): Defense-aligned but largely outside AI/AR/VR/critical-minerals/energy R&D focus."
  },
  {
    "title": "59--SEMICONDUCTOR DEVIC",
    "description": "This SAM.gov opportunity is for SEMICONDUCTOR DEVICE components under Federal Supply Class 59. The requirement may include specific diodes, transistors, or integrated circuits with defined electrical and environmental characteristics. Interested suppliers should review the full notice for part numbers or NSNs, qualification or source\u0011control requirements, and delivery schedules.",
    "source": "SAM.gov",
    "agency": null,
    "sector": "Manufacturing",
    "published_date": "2025-12-02",
    "openDate": null,
    "closeDate": null,
    "url": "https://sam.gov/workspace/contract/opp/f5ae150f33f74bad9866764e3700a4ae/view",
    "feasibility_score": 3.0,
    "impact_score": 3.0,
    "alignment_score": 2.8,
    "total_score": 2.94,
    "justification": "Feasibility (3.0): Supplying specific semiconductor devices is a commodity manufacturing/distribution role we do not perform. Impact (3.0): Little strategic value beyond transactional revenue; no R&D or capability building. Alignment (2.8): Manufacturing sector and component supply are outside our AI/AR/VR/critical-minerals R&D focus."
  },
  {
    "title": "Recur LINK-16 BOSS SW Support Platinum",
    "description": "This notice covers the procurement of recurring LINK\u001116 BOSS software support at the Platinum level. The contractor will provide software maintenance, updates, technical support, and possibly training for the LINK\u001116 BOSS system used in military communications and situational awareness. Interested vendors should review the full SAM.gov description for license quantities, support scope, period of performance, and any brand\u0011name or compatibility requirements.",
    "source": "SAM.gov",
    "agency": null,
    "sector": "Defense, National Security, and Military",
    "published_date": "2025-12-02",
    "openDate": null,
    "closeDate": "2025-12-08T09:00:00-08:00",
    "url": "https://sam.gov/workspace/contract/opp/f45cec29d13941e7976fbf2095a9d87b/view",
    "feasibility_score": 4.5,
    "impact_score": 4.0,
    "alignment_score": 4.0,
    "total_score": 4.18,
    "justification": "Feasibility (4.5): Requires specific product knowledge and likely OEM or authorized support status for LINK-16 BOSS; we could only participate via a specialized partner. Impact (4.0): Recurring software support is service revenue but not R&D or new capability development. Alignment (4.0): Defense IT is adjacent to our federal experience but not directly AI/AR/VR/critical-minerals focused."
  },
  {
    "title": "10--DUST COVER,REAR",
    "description": "This procurement is for DUST COVER, REAR components under Federal Supply Class 10 (Weapons). The dust covers are used on small arms or related weapon systems and must meet specified dimensional, material, and finish requirements. Vendors should consult the full SAM.gov description for part numbers, quality standards, and delivery schedules.",
    "source": "SAM.gov",
    "agency": null,
    "sector": "Defense, National Security, and Military",
    "published_date": "2025-12-02",
    "openDate": null,
    "closeDate": null,
    "url": "https://sam.gov/workspace/contract/opp/f13ffcfb8bd94f38a08d65d8853152b2/view",
    "feasibility_score": 3.0,
    "impact_score": 2.8,
    "alignment_score": 2.8,
    "total_score": 2.87,
    "justification": "Feasibility (3.0): Small-arms component manufacturing is not within our capabilities; would require a manufacturing partner to lead. Impact (2.8): Pure commodity hardware with minimal innovation or strategic learning. Alignment (2.8): Defense-related but not in AI/AR/VR, AI, or critical-minerals R&D."
  },
  {
    "title": "Taiwan ? Installation, Training, and Engineering Services (ITES)",
    "description": "This notice covers Installation, Training, and Engineering Services (ITES) in support of U.S. government programs involving Taiwan. The contractor will provide technical installation, system integration, training, and engineering support services as specified in the statement of work, potentially in support of defense or security systems. Interested vendors should review the full SAM.gov description for scope, locations, security requirements, and period of performance.",
    "source": "SAM.gov",
    "agency": null,
    "sector": "Defense, National Security, and Military",
    "published_date": "2025-12-02",
    "openDate": null,
    "closeDate": "2025-12-17T15:00:00",
    "url": "https://sam.gov/workspace/contract/opp/effb0c8f39104bf39dc3e090b9b92161/view",
    "feasibility_score": 5.0,
    "impact_score": 5.0,
    "alignment_score": 4.8,
    "total_score": 4.94,
    "justification": "Feasibility (5.0): We can provide some engineering and training services, but this likely requires specific system OEM knowledge and in-theater presence; we\u2019d be more suited as a niche subcontractor. Impact (5.0): Defense services in a strategically important region have some relationship value but limited technology development. Alignment (4.8): Defense-aligned but not directly tied to AI/AR/VR or critical-minerals R&D."
  },
  {
    "title": "F-35 \"Lightning II\" Training Systems and Simulation",
    "description": "This SAM.gov opportunity concerns F\u001135 \"Lightning II\" training systems and simulation support. The requirement may include development, production, or sustainment of simulators, training devices, courseware, and associated support for F\u001135 pilot and maintainer training. Interested contractors should review the full description for scope, technical requirements, security considerations, and acquisition strategy details.",
    "source": "SAM.gov",
    "agency": null,
    "sector": "AR, VR, and XR Technologies",
    "published_date": "2025-12-02",
    "openDate": null,
    "closeDate": "2026-01-02T08:00:00-05:00",
    "url": "https://sam.gov/workspace/contract/opp/ed4201ecc01f41e3863381ebf182a5ed/view",
    "feasibility_score": 7.5,
    "impact_score": 8.8,
    "alignment_score": 9.0,
    "total_score": 8.41,
    "justification": "Feasibility (7.5): AR/VR training systems are a focus area, and we have strong federal experience, but F-35 training is highly specialized and dominated by primes; we\u2019d likely contribute as a specialized AR/VR or software subcontractor. Impact (8.8): High-visibility AR/VR training for a flagship platform offers strong strategic value in our AR/VR portfolio. Alignment (9.0): Direct match to AR/VR and simulation focus, plus defense training context."
  },
  {
    "title": "ERIS Special Topic Area \u0013 DARPAVERSE",
    "description": "This SAM.gov notice announces the ERIS Special Topic Area \"DARPAVERSE\" under a broader research program. The topic seeks innovative concepts related to virtual environments, simulation, or metaverse\u0011like capabilities that support defense research, experimentation, or training. Interested proposers should review the full description for technical focus areas, submission format, and evaluation criteria; awards, if any, will be made under the associated overarching BAA.",
    "source": "SAM.gov",
    "agency": null,
    "sector": "AR, VR, and XR Technologies",
    "published_date": "2025-12-02",
    "openDate": null,
    "closeDate": "2025-12-31T23:59:00-05:00",
    "url": "https://sam.gov/workspace/contract/opp/eb48d6bebb7249cc90446bac637ad4de/view",
    "feasibility_score": 8.2,
    "impact_score": 9.0,
    "alignment_score": 9.5,
    "total_score": 8.87,
    "justification": "Feasibility (8.2): Virtual environments, simulation, and metaverse-like capabilities for defense research align well with our AR/VR focus and federal R&D experience; SMEs can cover any specialized gaps. Impact (9.0): High strategic value in shaping next-generation AR/VR/metaverse capabilities for defense experimentation and training. Alignment (9.5): Near-perfect alignment with our AR/VR strategic focus and mission in advanced federal R&D."
  },
  {
    "title": "10--BOX HOLDER,AMMUNITI",
    "description": "This notice seeks BOX HOLDER, AMMUNITION components under Federal Supply Class 10. The ammunition box holders must meet specified dimensional, material, and load\u0011bearing requirements for use with designated weapon systems or storage configurations. Suppliers should review the full SAM.gov description for part numbers, quality standards, and delivery schedules.",
    "source": "SAM.gov",
    "agency": null,
    "sector": "Defense, National Security, and Military",
    "published_date": "2025-12-02",
    "openDate": null,
    "closeDate": "2025-12-17",
    "url": "https://sam.gov/workspace/contract/opp/ea3a347899d2426592fc84c23b918698/view",
    "feasibility_score": 3.0,
    "impact_score": 2.8,
    "alignment_score": 2.8,
    "total_score": 2.87,
    "justification": "Feasibility (3.0): Ammunition box holder manufacturing is outside our capabilities; would require a hardware manufacturer. Impact (2.8): Commodity hardware with no R&D or strategic technology development. Alignment (2.8): Defense-related but not in AI/AR/VR, AI, or critical-minerals R&D."
  },
  {
    "title": "FOUNDATIONS OF TRUSTED SYSTEMS",
    "description": "This SAM.gov notice concerns a research or procurement effort titled FOUNDATIONS OF TRUSTED SYSTEMS. The opportunity likely focuses on technologies, methods, or tools to design, analyze, and verify highly trustworthy computing or cyber\u0011physical systems. Interested parties should review the full description for technical focus areas, eligibility, and submission requirements, which may be under a Broad Agency Announcement or similar vehicle.",
    "source": "SAM.gov",
    "agency": null,
    "sector": "Defense, National Security, and Military",
    "published_date": "2025-12-02",
    "openDate": null,
    "closeDate": null,
    "url": "https://sam.gov/workspace/contract/opp/e813868256aa463bb186120cd07dbf32/view",
    "feasibility_score": 8.0,
    "impact_score": 8.5,
    "alignment_score": 8.5,
    "total_score": 8.33,
    "justification": "Feasibility (8.0): Research on trusted computing and cyber-physical systems fits our strengths in federal information systems R&D, software, and cyber; we can staff with internal experts and SMEs. Impact (8.5): High-value area for building long-term capability in secure and verifiable systems, important across AI and defense applications. Alignment (8.5): Strong alignment with our federal R&D mission and adjacent to AI/cybersecurity focus, even if not explicitly labeled AI."
  },
  {
    "title": "Repair Various Radar Components",
    "description": "This notice solicits services to repair various radar components. The contractor will diagnose, repair, test, and return radar assemblies and subassemblies to full operational condition in accordance with government technical data and quality standards. Interested firms should review the full SAM.gov description for part lists, repair scope, turnaround times, and any source\u0011approval or security requirements.",
    "source": "SAM.gov",
    "agency": null,
    "sector": "Defense, National Security, and Military",
    "published_date": "2025-12-02",
    "openDate": null,
    "closeDate": "2025-12-16T14:00:00-05:00",
    "url": "https://sam.gov/workspace/contract/opp/e67a24fa679b42ebbe84b19e59a6a83b/view",
    "feasibility_score": 3.5,
    "impact_score": 3.5,
    "alignment_score": 3.5,
    "total_score": 3.51,
    "justification": "Feasibility (3.5): Depot-level radar repair requires specialized facilities, test equipment, and certifications we do not have. Impact (3.5): Service work with limited innovation or strategic technology development. Alignment (3.5): Defense-related but not in AI/AR/VR, AI, or critical-minerals R&D."
  },
  {
    "title": "R5 LEI Outerwear Ballistic Carrier Vests",
    "description": "This SAM.gov notice solicits offers for R5 Law Enforcement and Investigations (LEI) outerwear ballistic carrier vests. The vests must meet specified ballistic protection levels, ergonomic, and durability requirements for law enforcement personnel. Vendors should review the full description for sizing, configuration, testing and certification standards, and delivery schedules.",
    "source": "SAM.gov",
    "agency": null,
    "sector": "Defense, National Security, and Military",
    "published_date": "2025-12-02",
    "openDate": null,
    "closeDate": "2025-12-16T12:00:00-08:00",
    "url": "https://sam.gov/workspace/contract/opp/e4bc39c1627d4ac38cf76247fdb997a7/view",
    "feasibility_score": 3.2,
    "impact_score": 3.0,
    "alignment_score": 2.8,
    "total_score": 3.01,
    "justification": "Feasibility (3.2): Ballistic vest manufacturing and certification are outside our capabilities; would require a specialized OEM. Impact (3.0): Commodity protective gear with little strategic technology development. Alignment (2.8): Law-enforcement/defense adjacent but not in AI/AR/VR, AI, or critical-minerals R&D."
  },
  {
    "title": "Night Vision Devices (NVD) - AN/PVS-14",
    "description": "This SAM.gov opportunity is for the supply of Night Vision Devices (NVD), specifically the AN/PVS\u001114 monocular. The devices must meet military performance specifications for image intensification, durability, and environmental resistance. Vendors should review the full description for quantities, testing and certification requirements, and any restrictions to authorized manufacturers or distributors.",
    "source": "SAM.gov",
    "agency": null,
    "sector": "Defense, National Security, and Military",
    "published_date": "2025-12-02",
    "openDate": null,
    "closeDate": "2025-12-18T14:00:00-05:00",
    "url": "https://sam.gov/workspace/contract/opp/e2cc77b03eb448bebc32deed06224ec2/view",
    "feasibility_score": 3.5,
    "impact_score": 3.5,
    "alignment_score": 3.0,
    "total_score": 3.36,
    "justification": "Feasibility (3.5): Supplying AN/PVS-14 night vision devices requires OEM or authorized distributor status and hardware manufacturing/supply-chain capabilities we lack. Impact (3.5): Commodity hardware procurement with limited innovation. Alignment (3.0): Defense-related but not aligned with our AI/AR/VR software, AI, or critical-minerals R&D focus."
  },
  {
    "title": "6973GH-25-RFI-00014 \u0013 CBP MSC TacFLIR UPGRADE - MARKET SURVEY",
    "description": "This market survey (RFI) 6973GH\u001125\u0011RFI\u001100014 seeks information on industry capabilities to support a TacFLIR upgrade for Customs and Border Protection (CBP) Marine Surveillance Capabilities (MSC). The government is interested in technical approaches, integration considerations, and vendor experience with TacFLIR or similar electro\u0011optical/infrared systems. Responses will inform acquisition planning; no award will be made directly from this notice.",
    "source": "SAM.gov",
    "agency": null,
    "sector": "Defense, National Security, and Military",
    "published_date": "2025-12-02",
    "openDate": null,
    "closeDate": "2025-12-04T16:00:00-06:00",
    "url": "https://sam.gov/workspace/contract/opp/e12cacc6e1204257aacf01efb229df46/view",
    "feasibility_score": 4.8,
    "impact_score": 4.8,
    "alignment_score": 4.5,
    "total_score": 4.71,
    "justification": "Feasibility (4.8): We lack direct EO/IR hardware integration experience; we could respond at the architecture/requirements level with SMEs but not as a primary integrator. Impact (4.8): RFI only, so no immediate funding; some strategic value in border security/EO-IR domain but not core. Alignment (4.5): Defense/homeland security adjacent, but not directly AI/AR/VR or critical-minerals R&D."
  },
  {
    "title": "Littoral Combat Ship Planning Yard Support",
    "description": "This notice solicits Littoral Combat Ship (LCS) Planning Yard Support services. The contractor will provide engineering, logistics, configuration management, and technical support to plan and manage maintenance and modernization of LCS platforms. Interested firms should review the full SAM.gov description for scope of work, required expertise, security clearances, and contract structure.",
    "source": "SAM.gov",
    "agency": null,
    "sector": "Defense, National Security, and Military",
    "published_date": "2025-12-02",
    "openDate": null,
    "closeDate": "2025-12-11T14:00:00-05:00",
    "url": "https://sam.gov/workspace/contract/opp/dc8207082ebc49fe84e7ec8e4bf49d7d/view",
    "feasibility_score": 3.8,
    "impact_score": 4.0,
    "alignment_score": 3.8,
    "total_score": 3.87,
    "justification": "Feasibility (3.8): LCS planning yard support requires shipyard/naval engineering and logistics infrastructure we do not possess; we could only play a minor advisory role. Impact (4.0): Potentially large contract but focused on maintenance/modernization services, not our core R&D or tech development. Alignment (3.8): Defense-related but not in AI/AR/VR, AI, or critical-minerals R&D."
  },
  {
    "title": "Sources Sought for Mild Detonating Cord/Fuze",
    "description": "This Sources Sought notice seeks information from potential suppliers of mild detonating cord and fuze products. The government is assessing industry capability to provide these energetic components meeting specified performance, safety, and certification requirements. Respondents are invited to submit capability statements, production capacity information, and relevant past performance; no award will be made directly from this notice.",
    "source": "SAM.gov",
    "agency": null,
    "sector": "Defense, National Security, and Military",
    "published_date": "2025-12-02",
    "openDate": null,
    "closeDate": "2025-12-19T15:00:00-06:00",
    "url": "https://sam.gov/workspace/contract/opp/db6cd214dce24a6c8a6906b93d40de55/view",
    "feasibility_score": 3.0,
    "impact_score": 3.2,
    "alignment_score": 3.0,
    "total_score": 3.07,
    "justification": "Feasibility (3.0): Supplying mild detonating cord/fuze requires energetics manufacturing and safety certifications we do not have. Impact (3.2): Sources-sought only with limited immediate value and no direct R&D. Alignment (3.0): Defense-related but outside our AI/AR/VR, AI, and critical-minerals R&D focus."
  },
  {
    "title": "Request for Proposals:  Artificial Intelligence Infrastructure and Energy Generation on DOE Land at Savannah River Site",
    "description": "This Request for Proposals (RFP) seeks projects that will develop Artificial Intelligence (AI) infrastructure and associated energy generation facilities on Department of Energy (DOE) land at the Savannah River Site. The opportunity aims to leverage DOE land and potential power resources to support large\u0011scale AI computing, data centers, or related infrastructure while integrating new or expanded energy generation capacity. Proposers should review the full SAM.gov description for site constraints, technical and environmental requirements, partnership structures, and evaluation criteria.",
    "source": "SAM.gov",
    "agency": null,
    "sector": "Artificial Intelligence & Machine Learning",
    "published_date": "2025-12-02",
    "openDate": null,
    "closeDate": "2026-01-09T17:00:00-05:00",
    "url": "https://sam.gov/workspace/contract/opp/d953c4c0404549149be029dfa8518b15/view",
    "feasibility_score": 7.8,
    "impact_score": 9.2,
    "alignment_score": 9.0,
    "total_score": 8.65,
    "justification": "Feasibility (7.8): Large-scale AI infrastructure plus energy generation on DOE land fits our AI strategy and federal/DOE experience, but we\u2019d need strong partners for data-center and energy-plant development. Impact (9.2): Highly strategic\u2014directly builds AI infrastructure capabilities and couples them with energy generation, aligning with long-term AI and energy goals. Alignment (9.0): Strong AI/ML alignment and adjacency to energy R&D, squarely within our federal R&D mission."
  },
  {
    "title": "61--BATTERY,STORAGE",
    "description": "This notice solicits offers for BATTERY, STORAGE units under Federal Supply Class 61. The storage batteries must meet specified voltage, capacity, chemistry, and environmental performance requirements for government applications. Suppliers should review the full SAM.gov description for part numbers, testing requirements, and delivery schedules.",
    "source": "SAM.gov",
    "agency": null,
    "sector": "Critical Minerals & Battery Materials",
    "published_date": "2025-12-02",
    "openDate": null,
    "closeDate": null,
    "url": "https://sam.gov/workspace/contract/opp/d41d59314ab943f7b1836d6df412ada4/view",
    "feasibility_score": 3.5,
    "impact_score": 4.0,
    "alignment_score": 4.5,
    "total_score": 3.98,
    "justification": "Feasibility (3.5): Supplying storage batteries is a commodity role requiring manufacturing/distribution capabilities we do not have. Impact (4.0): Some relevance to our critical-minerals/battery focus, but this is a straightforward procurement with little innovation. Alignment (4.5): Sector matches our critical-minerals/battery materials interest, but the work is not R&D or strategic capability building."
  },
  {
    "title": "Joint Standoff Weapon (JSOW) United States Navy (USN) FY26 Repair of Repairables",
    "description": "This SAM.gov opportunity covers FY26 Repair of Repairables (ROR) for the Joint Standoff Weapon (JSOW) for the U.S. Navy. The contractor will repair designated JSOW components and return them to serviceable condition in accordance with Navy technical data and quality standards. Interested firms should review the full description for part lists, repair scope, turnaround times, and any source\u0011approval or security requirements.",
    "source": "SAM.gov",
    "agency": null,
    "sector": "Defense, National Security, and Military",
    "published_date": "2025-12-02",
    "openDate": null,
    "closeDate": "2025-12-17T12:59:00-05:00",
    "url": "https://sam.gov/workspace/contract/opp/d35ce0a823a945548aaeb0a930e10704/view",
    "feasibility_score": 3.5,
    "impact_score": 3.8,
    "alignment_score": 3.5,
    "total_score": 3.61,
    "justification": "Feasibility (3.5): JSOW repair requires specialized weapon repair facilities, tooling, and clearances we do not have. Impact (3.8): Service work with limited innovation; some defense relationship value but not core to our tech roadmap. Alignment (3.5): Defense-related but not in AI/AR/VR, AI, or critical-minerals R&D."
  },
  {
    "title": "D--SPECIAL NOTICE OF INTENT TO AWARD TO A SOLE SOURCE",
    "description": "This special notice announces the government\u0019s intent to award a sole\u0011source contract under product/service code D (Information Technology and Telecommunications). The notice provides a brief description of the IT requirement and the vendor selected. Interested parties may review the SAM.gov posting for justification details and any instructions for submitting capability statements or objections.",
    "source": "SAM.gov",
    "agency": null,
    "sector": "Defense, National Security, and Military",
    "published_date": "2025-12-02",
    "openDate": null,
    "closeDate": "2025-12-09T17:00:00-05:00",
    "url": "https://sam.gov/workspace/contract/opp/d3518183a20f41f996ec52d45d3e8a9d/view",
    "feasibility_score": 2.0,
    "impact_score": 2.0,
    "alignment_score": 3.0,
    "total_score": 2.3,
    "justification": "Feasibility (2.0): As a sole-source notice, there is effectively no realistic path to award for us. Impact (2.0): Even if we contested, probability of success is low and the work is generic IT/telecom, not strategic. Alignment (3.0): IT/telecom is adjacent to our federal IT experience but not specifically AI/AR/VR or critical-minerals focused."
  },
  {
    "title": "Nickel Niobium",
    "description": "This notice solicits offers for Nickel Niobium material. The alloy must meet specified chemical composition, mechanical properties, and form (e.g., ingots, billets, or powder) for use in government applications. Suppliers should review the full SAM.gov description for technical requirements, quantities, and delivery schedules.",
    "source": "SAM.gov",
    "agency": null,
    "sector": "Critical Minerals & Battery Materials",
    "published_date": "2025-12-02",
    "openDate": null,
    "closeDate": "2025-12-15T17:00:00-05:00",
    "url": "https://sam.gov/workspace/contract/opp/d13329fa914b4bd492331b744853b1c2/view",
    "feasibility_score": 3.8,
    "impact_score": 4.5,
    "alignment_score": 4.8,
    "total_score": 4.35,
    "justification": "Feasibility (3.8): Supplying Nickel Niobium alloy is a commodity materials role; we are not a metals supplier and would need a partner. Impact (4.5): In the critical-minerals sector, but this is a straightforward material buy with limited innovation. Alignment (4.8): Some alignment to our critical-minerals focus, but not R&D or strategic capability development."
  },
  {
    "title": "Vision Measurement System",
    "description": "This SAM.gov opportunity seeks a Vision Measurement System for precision dimensional inspection. The system will include hardware, software, and accessories capable of measuring parts to tight tolerances, likely for quality assurance in manufacturing or maintenance. Interested vendors should review the full description for measurement capabilities, integration requirements, and delivery timelines.",
    "source": "SAM.gov",
    "agency": null,
    "sector": "Manufacturing",
    "published_date": "2025-12-02",
    "openDate": null,
    "closeDate": "2025-12-17T13:00:00-08:00",
    "url": "https://sam.gov/workspace/contract/opp/cd8cb27d47a546369e1a0d842e7c28e1/view",
    "feasibility_score": 4.0,
    "impact_score": 3.5,
    "alignment_score": 3.5,
    "total_score": 3.68,
    "justification": "Feasibility (4.0): Providing a commercial vision measurement system is an equipment-vendor role; we are not a metrology OEM or reseller. Impact (3.5): Tooling procurement with limited strategic technology development. Alignment (3.5): Manufacturing QA tool, tangential to our focus areas."
  },
  {
    "title": "MK22 Motor Tubes Solicitation N0017426R0002",
    "description": "This SAM.gov opportunity announces solicitation N0017426R0002 for MK22 motor tubes. The motor tubes are components of a weapon system and must meet stringent dimensional, material, and performance requirements. Interested manufacturers should review the full description for technical data, quality assurance provisions, and delivery schedules, as well as any security or source\u0011approval requirements.",
    "source": "SAM.gov",
    "agency": null,
    "sector": "Defense, National Security, and Military",
    "published_date": "2025-12-02",
    "openDate": null,
    "closeDate": "2026-01-09T15:00:00-05:00",
    "url": "https://sam.gov/workspace/contract/opp/ccc7fc76da6f4be790a23ab05d6a7905/view",
    "feasibility_score": 3.0,
    "impact_score": 3.5,
    "alignment_score": 3.2,
    "total_score": 3.24,
    "justification": "Feasibility (3.0): Weapon motor tube manufacturing is outside our capabilities; requires specialized production and QA. Impact (3.5): Hardware production with limited innovation or strategic tech development. Alignment (3.2): Defense-related but not in AI/AR/VR, AI, or critical-minerals R&D."
  },
  {
    "title": "10--CARRIER, BOLT",
    "description": "This notice solicits offers for CARRIER, BOLT components under Federal Supply Class 10. The bolt carriers are used in small arms and must meet specified dimensional, material, and performance requirements. Suppliers should review the full SAM.gov description for part numbers, quantities, and delivery schedules.",
    "source": "SAM.gov",
    "agency": null,
    "sector": "Defense, National Security, and Military",
    "published_date": "2025-12-02",
    "openDate": null,
    "closeDate": "2025-12-17",
    "url": "https://sam.gov/workspace/contract/opp/cc5ecd14e4f44887b80780f172e6179c/view",
    "feasibility_score": 3.0,
    "impact_score": 2.8,
    "alignment_score": 2.8,
    "total_score": 2.87,
    "justification": "Feasibility (3.0): Small-arms bolt carrier manufacturing is not within our capabilities; would require a machining/manufacturing prime. Impact (2.8): Commodity hardware with minimal innovation. Alignment (2.8): Defense-related but outside our AI/AR/VR, AI, and critical-minerals R&D focus."
  },
  {
    "title": "16--PARACHUTE,LOW-VELOC",
    "description": "This SAM.gov procurement is for PARACHUTE, LOW\u0011VELOCITY components under Federal Supply Class 16. The parachutes are designed for low\u0011velocity airdrop and must meet specified performance, material, and certification requirements. Vendors should consult the full description for part numbers, testing standards, and delivery schedules before submitting offers.",
    "source": "SAM.gov",
    "agency": null,
    "sector": "Defense, National Security, and Military",
    "published_date": "2025-12-02",
    "openDate": null,
    "closeDate": null,
    "url": "https://sam.gov/workspace/contract/opp/cb2f72f3fb42454182bdb0f5b2a00fef/view",
    "feasibility_score": 3.2,
    "impact_score": 3.2,
    "alignment_score": 3.0,
    "total_score": 3.14,
    "justification": "Feasibility (3.2): Parachute manufacturing and certification are outside our capabilities; would require a specialized textile/aerospace manufacturer. Impact (3.2): Commodity hardware with limited innovation. Alignment (3.0): Defense-related but not in AI/AR/VR, AI, or critical-minerals R&D."
  },
  {
    "title": "White Sands Test Facility (WSTF) B100, B101, and B111 HVAC System Upgrades",
    "description": "This construction opportunity covers HVAC system upgrades for Buildings 100, 101, and 111 at the White Sands Test Facility (WSTF). The contractor will replace or modernize heating, ventilation, and air conditioning equipment and controls to improve reliability and energy efficiency. Interested firms should review the full SAM.gov description for building details, technical specifications, and schedule requirements.",
    "source": "SAM.gov",
    "agency": null,
    "sector": "Energy & Clean Technology",
    "published_date": "2025-12-02",
    "openDate": null,
    "closeDate": "2026-12-09T16:00:00-07:00",
    "url": "https://sam.gov/workspace/contract/opp/cb22ada26dc34c47b9b19a8f35f785d2/view",
    "feasibility_score": 4.5,
    "impact_score": 4.0,
    "alignment_score": 4.0,
    "total_score": 4.18,
    "justification": "Feasibility (4.5): HVAC construction/retrofit is not our core; we\u2019d need a construction/HVAC prime, with us possibly advising on energy efficiency. Impact (4.0): Energy-efficiency improvements are positive but this is facility construction, not R&D or strategic tech development. Alignment (4.0): Energy-related but not aligned with our AI/critical-minerals or advanced R&D focus."
  },
  {
    "title": "Industry Feedback on NGC2 Emerging Architecture",
    "description": "This SAM.gov notice seeks industry feedback on the NGC2 Emerging Architecture, likely related to next\u0011generation command and control or communications. The government is requesting comments on architectural concepts, technical approaches, and potential implementation challenges. Respondents should review the full description for specific questions and response instructions; no award will be made directly from this notice.",
    "source": "SAM.gov",
    "agency": null,
    "sector": "Defense, National Security, and Military",
    "published_date": "2025-12-02",
    "openDate": null,
    "closeDate": "2025-12-22T23:59:00-05:00",
    "url": "https://sam.gov/workspace/contract/opp/c9797c80bafb43d79bc2c0f4281db268/view",
    "feasibility_score": 7.0,
    "impact_score": 7.5,
    "alignment_score": 7.8,
    "total_score": 7.42,
    "justification": "Feasibility (7.0): We can credibly respond with systems engineering, C2 architecture, and AI-enabled C2 concepts, leveraging our federal R&D and AI experience. Impact (7.5): Influences future next-generation C2 architectures; good strategic positioning even though it is feedback-only (no direct funding). Alignment (7.8): Strong alignment with defense information systems and command-and-control, adjacent to our AI and federal R&D focus."
  },
  {
    "title": "JANITORIAL SERVICES",
    "description": "This SAM.gov opportunity solicits janitorial services for a federal facility. The contractor will provide cleaning, trash removal, restroom servicing, and related custodial tasks in accordance with a performance work statement. Interested firms should review the full description for building sizes, cleaning frequencies, quality standards, and contract term.",
    "source": "SAM.gov",
    "agency": null,
    "sector": "Unclassified",
    "published_date": "2025-12-02",
    "openDate": null,
    "closeDate": "2025-12-08T12:00:00+02:00",
    "url": "https://sam.gov/workspace/contract/opp/c6820b0fd1a946ffbaa904c49c8995b8/view",
    "feasibility_score": 4.5,
    "impact_score": 1.5,
    "alignment_score": 1.5,
    "total_score": 2.56,
    "justification": "Feasibility (4.5): Janitorial services could be subcontracted, but this is far from our core competencies. Impact (1.5): No strategic relevance to our technology or R&D goals. Alignment (1.5): Completely outside AI/AR/VR, AI, critical-minerals, or federal R&D focus."
  },
  {
    "title": "Surface Ship Corrosion Mitigation",
    "description": "This SAM.gov opportunity seeks solutions for Surface Ship Corrosion Mitigation. The contractor will provide technologies, materials, or services to reduce corrosion on surface ships, improving readiness and reducing maintenance costs. Interested firms should review the full description for technical focus areas, performance metrics, and acquisition approach, which may include research, prototyping, or implementation efforts.",
    "source": "SAM.gov",
    "agency": null,
    "sector": "Defense, National Security, and Military",
    "published_date": "2025-12-02",
    "openDate": null,
    "closeDate": "2026-01-06T11:00:00-05:00",
    "url": "https://sam.gov/workspace/contract/opp/c47f2adfa448442bab19c1e5b304ba29/view",
    "feasibility_score": 5.0,
    "impact_score": 5.5,
    "alignment_score": 5.0,
    "total_score": 5.18,
    "justification": "Feasibility (5.0): Corrosion mitigation involves materials science and naval maintenance; we\u2019d rely heavily on specialized materials SMEs or partners. Impact (5.5): Some strategic value in Navy sustainment and potential R&D, but not central to our AI/AR/VR/critical-minerals strategy. Alignment (5.0): Defense-related and somewhat technical, but only tangentially connected to our core focus areas."
  }
]